[
    {
        "id": 1,
        "mark": "BMW",
        "model": "5 серия",
        "year": 2017,
        "engine_cap": 2.0,
        "color": "черный",
        "body_type": "седан",
        "mileage": 50000,
        "price": 4015800.0
    },
    {
        "id": 2,
        "mark": "Mersedes",
        "model": "GLA",
        "year": 2019,
        "engine_cap": 2.6,
        "color": "белый",
        "body_type": "седан",
        "mileage": 25000,
        "price": 5014500.0
    },
    {
        "id": 3,
        "mark": "Корыто",
        "model": "Волшебной серия",
        "year": 253,
        "engine_cap": 0.1,
        "color": "пегий",
        "body_type": "универсал",
        "mileage": 50000000,
        "price": 4.0
    },
    {
        "id": 4,
        "mark": "Subaru",
        "model": "forester",
        "year": 2021,
        "engine_cap": 2.5,
        "color": "синий",
        "body_type": "внедорожник",
        "mileage": 10000,
        "price": 3015800.0
    },
    {
        "id": 5,
        "mark": "Toyota",
        "model": "Camry",
        "year": 2018,
        "engine_cap": 2.0,
        "color": "белый",
        "body_type": "седан",
        "mileage": 56000,
        "price": 2015800.0
    }
]